Richard,N,Darrow,5570 Isabella Ave,St. Louis,IL,58540
Barack,G,Donnelly,7844 S. Greenwood Ave,Houston,CA,38635
Ann,Z,Benes,2447 S. Greenwood Ave,Las Vegas,NY,55366
Laura,9S,Minella,8177 4th Street,Dallas,FL,04119
Erica,Z,Gates,3141 Farnam Street,Omaha,CA,57640
Warren,L,Darrow,4686 Mt. Lee Drive,St. Louis,NY,94935
Warren,M,Williams,6670 S. Greenwood Ave,Hollywood,FL,37288
Harry,T,Smith,3273 Isabella Ave,Houston,FL,97261
Steve,O,James,8407 Infinite Loop Drive,Las Vegas,WA,90520
Erica,Z,Neuberger,513 S. Greenwood Ave,Miami,IL,12778
Aimee,C,Hoover,7341 Vel Avenue,Mobile,AL,35928
Jonas,U,Gilbert,8852 In St.,Saint Paul,MN,57321
Regan,M,Darrow,4851 Nec Av.,Gulfport,MS,33193
Stuart,K,Mckenzie,5529 Orci Av.,Nampa,ID,18562
Sydnee,N,Robinson,894 Ornare. Ave,Olathe,KS,25606
